{"cat_depth": 4.0, "cat_iterations": 788.0, "cat_learning_rate": 0.11737867580887024, "lgbm_learning_rate": 0.07005308570813606, "lgbm_n_estimators": 231.0, "meta_C": 1.072064459629542}